{"cameraMode":{"drawMode":0,"name":"Shaded","section":"Shading Mode"},"sceneLighting":false,"audioPlay":false,"sceneViewState":{"m_AlwaysRefresh":false,"showFog":true,"showSkybox":false,"showFlares":true,"showImageEffects":true,"showParticleSystems":true,"showVisualEffectGraphs":true,"m_FxEnabled":true},"in2DMode":false,"pivot":{"x":608.4552001953125,"y":343.8743896484375,"z":0.68536376953125},"rotation":{"x":0.0008471322362311184,"y":0.9978516697883606,"z":0.06414040178060532,"w":-0.01317216269671917},"size":340.71368408203127,"orthographic":false}