{"cameraMode":{"drawMode":0,"name":"Shaded","section":"Shading Mode"},"sceneLighting":false,"audioPlay":false,"sceneViewState":{"m_AlwaysRefresh":false,"showFog":true,"showSkybox":false,"showFlares":true,"showImageEffects":true,"showParticleSystems":true,"showVisualEffectGraphs":true,"m_FxEnabled":true},"in2DMode":false,"pivot":{"x":593.777099609375,"y":271.4596252441406,"z":-4.8504638671875},"rotation":{"x":0.0004264204471837729,"y":0.9995676279067993,"z":0.019184179604053499,"w":-0.022193804383277894},"size":403.84405517578127,"orthographic":false}