{"cameraMode":{"drawMode":0,"name":"Shaded","section":"Shading Mode"},"sceneLighting":true,"audioPlay":false,"sceneViewState":{"m_AlwaysRefresh":false,"showFog":true,"showSkybox":true,"showFlares":true,"showImageEffects":true,"showParticleSystems":true,"showVisualEffectGraphs":true,"m_FxEnabled":true},"in2DMode":false,"pivot":{"x":12.863570213317871,"y":7.222588539123535,"z":59.59925842285156},"rotation":{"x":0.013800281099975109,"y":-0.03599313274025917,"z":0.0004971150192432106,"w":0.9992575645446777},"size":41.20943069458008,"orthographic":false}