{"cameraMode":{"drawMode":0,"name":"Shaded","section":"Shading Mode"},"sceneLighting":true,"audioPlay":false,"sceneViewState":{"m_AlwaysRefresh":false,"showFog":true,"showSkybox":true,"showFlares":true,"showImageEffects":true,"showParticleSystems":true,"showVisualEffectGraphs":true,"m_FxEnabled":true},"in2DMode":false,"pivot":{"x":17.91854476928711,"y":10.0852632522583,"z":1.6365889310836793},"rotation":{"x":-0.0647638738155365,"y":0.0035894878674298527,"z":-0.00023298712039832026,"w":-0.9978945255279541},"size":3.8160948753356935,"orthographic":true}