{"cameraMode":{"drawMode":0,"name":"Shaded","section":"Shading Mode"},"sceneLighting":true,"audioPlay":false,"sceneViewState":{"m_AlwaysRefresh":false,"showFog":true,"showSkybox":true,"showFlares":true,"showImageEffects":true,"showParticleSystems":true,"showVisualEffectGraphs":true,"m_FxEnabled":true},"in2DMode":false,"pivot":{"x":0.5316176414489746,"y":-1.6775057315826417,"z":-0.1493932008743286},"rotation":{"x":0.03144620731472969,"y":0.05544378235936165,"z":-0.0017472115578129888,"w":0.9979649782180786},"size":3.49798583984375,"orthographic":false}